windowdiff,windowpr,beefermans,basicmetric_pre, basicmetric_rec, basicmetric_acc,
0.6689655172413793,None,None,0.15873015873015872, 0.15151515151515152, 0.15503875968992248