windowdiff,windowpr,beefermans,basicmetric_pre, basicmetric_rec, basicmetric_acc,
0.5504885993485342,(0.3111111111111111, 0.1794871794871795, 0.7943722943722944),None,0.038461538461538464, 0.06451612903225806, 0.04819277108433735