windowdiff,windowpr,beefermans,basicmetric_pre, basicmetric_rec, basicmetric_acc,
0.5456498388829216,(0.5076335877862596, 0.24225865209471767, 0.8050786838340487),None,0.1092896174863388, 0.22727272727272727, 0.14760147601476015