windowdiff,windowpr,beefermans,basicmetric_pre, basicmetric_rec, basicmetric_acc,
0.7586872586872587,(0.042923433874709975, 0.3425925925925926, 0.8847291907886273),None,0.0, 0.0, 0.0